Method,Env,Dim,Scale,Type,Seed,Score
disentangled_dcor,halfcheetah-medium-v2,20,0.5,nonlinear,5,37.076612544154784
disentangled_dcor,halfcheetah-medium-v2,20,0.5,nonlinear,1,39.7964333258518
disentangled_dcor,halfcheetah-medium-v2,20,0.5,nonlinear,3,38.83933483668528
disentangled_dcor,halfcheetah-medium-v2,20,0.5,nonlinear,2,39.41855064781485
disentangled_dcor,halfcheetah-medium-v2,10,8.0,nonlinear,5,1.6155454212103084
disentangled_dcor,halfcheetah-medium-v2,10,8.0,nonlinear,1,1.825962626668767
disentangled_dcor,halfcheetah-medium-v2,10,8.0,nonlinear,3,1.5017984136849178
disentangled_dcor,halfcheetah-medium-v2,10,8.0,nonlinear,2,2.4288586621809394
disentangled_dcor,halfcheetah-medium-v2,80,0.5,nonlinear,5,38.643925707066245
disentangled_dcor,halfcheetah-medium-v2,80,0.5,nonlinear,1,38.67807063495778
disentangled_dcor,halfcheetah-medium-v2,80,0.5,nonlinear,3,38.612053088347295
disentangled_dcor,halfcheetah-medium-v2,80,0.5,nonlinear,2,38.53921697466939
disentangled_dcor,halfcheetah-medium-v2,80,1.0,nonlinear,5,24.323035270364386
disentangled_dcor,halfcheetah-medium-v2,80,1.0,nonlinear,1,25.86172184677672
disentangled_dcor,halfcheetah-medium-v2,80,1.0,nonlinear,3,25.595387220056843
disentangled_dcor,halfcheetah-medium-v2,80,1.0,nonlinear,2,25.432209391239297
disentangled_dcor,halfcheetah-medium-v2,40,0.5,nonlinear,5,38.47386191503594
disentangled_dcor,halfcheetah-medium-v2,40,0.5,nonlinear,1,38.653959693532585
disentangled_dcor,halfcheetah-medium-v2,40,0.5,nonlinear,3,38.01818440482036
disentangled_dcor,halfcheetah-medium-v2,40,0.5,nonlinear,2,38.20022434121873
disentangled_dcor,halfcheetah-medium-v2,5,8.0,nonlinear,5,3.153031273987403
disentangled_dcor,halfcheetah-medium-v2,5,8.0,nonlinear,1,3.075569905229253
disentangled_dcor,halfcheetah-medium-v2,5,8.0,nonlinear,3,3.032432698330784
disentangled_dcor,halfcheetah-medium-v2,5,8.0,nonlinear,2,4.7080383095827765
disentangled_dcor,halfcheetah-medium-v2,20,1.0,nonlinear,5,31.13135576861845
disentangled_dcor,halfcheetah-medium-v2,20,1.0,nonlinear,1,8.823983120144522
disentangled_dcor,halfcheetah-medium-v2,20,1.0,nonlinear,3,35.716067676697996
disentangled_dcor,halfcheetah-medium-v2,20,1.0,nonlinear,2,33.104523985733685
disentangled_dcor,halfcheetah-medium-v2,80,2.0,nonlinear,5,5.727548999754843
disentangled_dcor,halfcheetah-medium-v2,80,2.0,nonlinear,1,5.35756080633015
disentangled_dcor,halfcheetah-medium-v2,80,2.0,nonlinear,3,6.64020229085886
disentangled_dcor,halfcheetah-medium-v2,80,2.0,nonlinear,2,5.9176762269994985
disentangled_dcor,halfcheetah-medium-v2,40,8.0,nonlinear,5,1.1445760132645488
disentangled_dcor,halfcheetah-medium-v2,40,8.0,nonlinear,1,0.9859921982817478
disentangled_dcor,halfcheetah-medium-v2,40,8.0,nonlinear,3,0.7788643125155915
disentangled_dcor,halfcheetah-medium-v2,40,8.0,nonlinear,2,1.2876100749359527
disentangled_dcor,halfcheetah-medium-v2,40,4.0,nonlinear,5,2.0667804186391714
disentangled_dcor,halfcheetah-medium-v2,40,4.0,nonlinear,1,1.8145238817150429
disentangled_dcor,halfcheetah-medium-v2,40,4.0,nonlinear,3,2.2557646415205963
disentangled_dcor,halfcheetah-medium-v2,40,4.0,nonlinear,2,2.3295225392601258
disentangled_dcor,halfcheetah-medium-v2,5,0.5,nonlinear,5,39.585438811625764
disentangled_dcor,halfcheetah-medium-v2,5,0.5,nonlinear,1,39.521255735753016
disentangled_dcor,halfcheetah-medium-v2,5,0.5,nonlinear,3,37.98923236503536
disentangled_dcor,halfcheetah-medium-v2,5,0.5,nonlinear,2,39.65890280286891
disentangled_dcor,halfcheetah-medium-v2,20,2.0,nonlinear,5,17.042598173104874
disentangled_dcor,halfcheetah-medium-v2,20,2.0,nonlinear,1,18.169385915278934
disentangled_dcor,halfcheetah-medium-v2,20,2.0,nonlinear,3,21.12149346880746
disentangled_dcor,halfcheetah-medium-v2,20,2.0,nonlinear,2,15.984506059956946
disentangled_dcor,halfcheetah-medium-v2,40,2.0,nonlinear,5,8.556260068191873
disentangled_dcor,halfcheetah-medium-v2,40,2.0,nonlinear,1,8.765495280260799
disentangled_dcor,halfcheetah-medium-v2,40,2.0,nonlinear,3,7.83062155657843
disentangled_dcor,halfcheetah-medium-v2,40,2.0,nonlinear,2,8.332695267999515
disentangled_dcor,halfcheetah-medium-v2,10,0.5,nonlinear,5,39.0464459496053
disentangled_dcor,halfcheetah-medium-v2,10,0.5,nonlinear,1,38.40553042289052
disentangled_dcor,halfcheetah-medium-v2,10,0.5,nonlinear,3,37.844014070493735
disentangled_dcor,halfcheetah-medium-v2,10,0.5,nonlinear,2,38.19735306181644
disentangled_dcor,halfcheetah-medium-v2,5,2.0,nonlinear,5,36.435178058384814
disentangled_dcor,halfcheetah-medium-v2,5,2.0,nonlinear,1,35.137866881860674
disentangled_dcor,halfcheetah-medium-v2,5,2.0,nonlinear,3,36.45474725598138
disentangled_dcor,halfcheetah-medium-v2,5,2.0,nonlinear,2,38.168043501989466
disentangled_dcor,halfcheetah-medium-v2,10,4.0,nonlinear,5,5.533361270572366
disentangled_dcor,halfcheetah-medium-v2,10,4.0,nonlinear,1,4.743514670251773
disentangled_dcor,halfcheetah-medium-v2,10,4.0,nonlinear,3,5.84312700129067
disentangled_dcor,halfcheetah-medium-v2,10,4.0,nonlinear,2,6.9424960880798565
disentangled_dcor,halfcheetah-medium-v2,80,8.0,nonlinear,5,1.3873496162742687
disentangled_dcor,halfcheetah-medium-v2,80,8.0,nonlinear,1,1.1951366582312681
disentangled_dcor,halfcheetah-medium-v2,80,8.0,nonlinear,3,1.169939075784567
disentangled_dcor,halfcheetah-medium-v2,80,8.0,nonlinear,2,1.4131577535168725
disentangled_dcor,halfcheetah-medium-v2,20,8.0,nonlinear,5,1.381677522348094
disentangled_dcor,halfcheetah-medium-v2,20,8.0,nonlinear,1,1.2179287428104186
disentangled_dcor,halfcheetah-medium-v2,20,8.0,nonlinear,3,1.3808582836660115
disentangled_dcor,halfcheetah-medium-v2,20,8.0,nonlinear,2,1.6969223010295496
disentangled_dcor,halfcheetah-medium-v2,10,1.0,nonlinear,5,38.08004037303069
disentangled_dcor,halfcheetah-medium-v2,10,1.0,nonlinear,1,39.3797183146482
disentangled_dcor,halfcheetah-medium-v2,10,1.0,nonlinear,3,39.33613944848439
disentangled_dcor,halfcheetah-medium-v2,10,1.0,nonlinear,2,39.28463956797154
disentangled_dcor,halfcheetah-medium-v2,5,4.0,nonlinear,5,16.59683944175187
disentangled_dcor,halfcheetah-medium-v2,5,4.0,nonlinear,1,16.439668596098763
disentangled_dcor,halfcheetah-medium-v2,5,4.0,nonlinear,3,13.617557673005104
disentangled_dcor,halfcheetah-medium-v2,5,4.0,nonlinear,2,21.01030991078761
disentangled_dcor,halfcheetah-medium-v2,20,4.0,nonlinear,5,3.14080370991641
disentangled_dcor,halfcheetah-medium-v2,20,4.0,nonlinear,1,2.792876545611239
disentangled_dcor,halfcheetah-medium-v2,20,4.0,nonlinear,3,2.712890499745787
disentangled_dcor,halfcheetah-medium-v2,20,4.0,nonlinear,2,3.149697632400942
disentangled_dcor,halfcheetah-medium-v2,80,4.0,nonlinear,5,2.1875371958734076
disentangled_dcor,halfcheetah-medium-v2,80,4.0,nonlinear,1,2.061071003580234
disentangled_dcor,halfcheetah-medium-v2,80,4.0,nonlinear,3,1.7601387014450445
disentangled_dcor,halfcheetah-medium-v2,80,4.0,nonlinear,2,2.4845116278824757
disentangled_dcor,halfcheetah-medium-v2,5,1.0,nonlinear,5,38.040821244990944
disentangled_dcor,halfcheetah-medium-v2,5,1.0,nonlinear,1,39.50438347890255
disentangled_dcor,halfcheetah-medium-v2,5,1.0,nonlinear,3,38.93910001536038
disentangled_dcor,halfcheetah-medium-v2,5,1.0,nonlinear,2,37.35251096428812
disentangled_dcor,halfcheetah-medium-v2,40,1.0,nonlinear,5,30.98530093512507
disentangled_dcor,halfcheetah-medium-v2,40,1.0,nonlinear,1,34.78074542963239
disentangled_dcor,halfcheetah-medium-v2,40,1.0,nonlinear,3,30.389503683962015
disentangled_dcor,halfcheetah-medium-v2,40,1.0,nonlinear,2,33.35475106008754
disentangled_dcor,halfcheetah-medium-v2,10,2.0,nonlinear,5,30.191387436092715
disentangled_dcor,halfcheetah-medium-v2,10,2.0,nonlinear,1,34.84423879894594
disentangled_dcor,halfcheetah-medium-v2,10,2.0,nonlinear,3,24.705842321498977
disentangled_dcor,halfcheetah-medium-v2,10,2.0,nonlinear,2,33.15471354858347
plain,halfcheetah-medium-v2,20,0.5,nonlinear,5,38.417416158836396
plain,halfcheetah-medium-v2,20,0.5,nonlinear,1,37.134052584872435
plain,halfcheetah-medium-v2,20,0.5,nonlinear,3,37.63909424472412
plain,halfcheetah-medium-v2,20,0.5,nonlinear,2,36.823628265340325
plain,halfcheetah-medium-v2,10,8.0,nonlinear,5,1.686424395711026
plain,halfcheetah-medium-v2,10,8.0,nonlinear,1,1.4940667028766907
plain,halfcheetah-medium-v2,10,8.0,nonlinear,3,1.6073394145916675
plain,halfcheetah-medium-v2,10,8.0,nonlinear,2,2.398472024241722
plain,halfcheetah-medium-v2,80,0.5,nonlinear,5,36.922881318538955
plain,halfcheetah-medium-v2,80,0.5,nonlinear,1,38.71697863213275
plain,halfcheetah-medium-v2,80,0.5,nonlinear,3,38.83827885224972
plain,halfcheetah-medium-v2,80,0.5,nonlinear,2,39.3930984189955
plain,halfcheetah-medium-v2,80,1.0,nonlinear,5,26.339402651420034
plain,halfcheetah-medium-v2,80,1.0,nonlinear,1,28.743296371317374
plain,halfcheetah-medium-v2,80,1.0,nonlinear,3,26.291051945337372
plain,halfcheetah-medium-v2,80,1.0,nonlinear,2,25.36091393287049
plain,halfcheetah-medium-v2,40,0.5,nonlinear,5,38.01223045115674
plain,halfcheetah-medium-v2,40,0.5,nonlinear,1,35.77515641541494
plain,halfcheetah-medium-v2,40,0.5,nonlinear,3,38.99590698530524
plain,halfcheetah-medium-v2,40,0.5,nonlinear,2,37.23173200119483
plain,halfcheetah-medium-v2,5,8.0,nonlinear,5,2.4633169884760715
plain,halfcheetah-medium-v2,5,8.0,nonlinear,1,3.0845125163904195
plain,halfcheetah-medium-v2,5,8.0,nonlinear,3,3.016301966411212
plain,halfcheetah-medium-v2,5,8.0,nonlinear,2,4.8529579789026345
plain,halfcheetah-medium-v2,20,1.0,nonlinear,5,34.44593443647147
plain,halfcheetah-medium-v2,20,1.0,nonlinear,1,9.079563352436825
plain,halfcheetah-medium-v2,20,1.0,nonlinear,3,35.90366732823119
plain,halfcheetah-medium-v2,20,1.0,nonlinear,2,33.840847176211454
plain,halfcheetah-medium-v2,80,2.0,nonlinear,5,6.510165285454216
plain,halfcheetah-medium-v2,80,2.0,nonlinear,1,5.698527250906303
plain,halfcheetah-medium-v2,80,2.0,nonlinear,3,5.545167921320749
plain,halfcheetah-medium-v2,80,2.0,nonlinear,2,5.2607624195597715
plain,halfcheetah-medium-v2,40,8.0,nonlinear,5,1.2820284553745243
plain,halfcheetah-medium-v2,40,8.0,nonlinear,1,1.3536193427647918
plain,halfcheetah-medium-v2,40,8.0,nonlinear,3,1.107507176639936
plain,halfcheetah-medium-v2,40,8.0,nonlinear,2,1.0931064871206944
plain,halfcheetah-medium-v2,40,4.0,nonlinear,5,2.2612473289855917
plain,halfcheetah-medium-v2,40,4.0,nonlinear,1,2.66491694499456
plain,halfcheetah-medium-v2,40,4.0,nonlinear,3,2.5227691113849025
plain,halfcheetah-medium-v2,40,4.0,nonlinear,2,2.3892451655117197
plain,halfcheetah-medium-v2,5,0.5,nonlinear,5,38.96909552656192
plain,halfcheetah-medium-v2,5,0.5,nonlinear,1,37.45435509994923
plain,halfcheetah-medium-v2,5,0.5,nonlinear,3,39.43926531803342
plain,halfcheetah-medium-v2,5,0.5,nonlinear,2,38.7161876737769
plain,halfcheetah-medium-v2,20,2.0,nonlinear,5,10.20066458424865
plain,halfcheetah-medium-v2,20,2.0,nonlinear,1,12.415053525655612
plain,halfcheetah-medium-v2,20,2.0,nonlinear,3,14.326330988273108
plain,halfcheetah-medium-v2,20,2.0,nonlinear,2,15.048735265079774
plain,halfcheetah-medium-v2,40,2.0,nonlinear,5,6.5921154587237085
plain,halfcheetah-medium-v2,40,2.0,nonlinear,1,7.5844340542216155
plain,halfcheetah-medium-v2,40,2.0,nonlinear,3,8.179099096831084
plain,halfcheetah-medium-v2,40,2.0,nonlinear,2,5.94066900980653
plain,halfcheetah-medium-v2,10,0.5,nonlinear,5,37.44401511603042
plain,halfcheetah-medium-v2,10,0.5,nonlinear,1,37.988878756219314
plain,halfcheetah-medium-v2,10,0.5,nonlinear,3,37.66582682883852
plain,halfcheetah-medium-v2,10,0.5,nonlinear,2,38.57884163980844
plain,halfcheetah-medium-v2,5,2.0,nonlinear,5,34.42464627105848
plain,halfcheetah-medium-v2,5,2.0,nonlinear,1,33.63057497179797
plain,halfcheetah-medium-v2,5,2.0,nonlinear,3,29.137272939692068
plain,halfcheetah-medium-v2,5,2.0,nonlinear,2,34.68749692428586
plain,halfcheetah-medium-v2,10,4.0,nonlinear,5,3.973022183652155
plain,halfcheetah-medium-v2,10,4.0,nonlinear,1,4.451730582468991
plain,halfcheetah-medium-v2,10,4.0,nonlinear,3,4.797063121903076
plain,halfcheetah-medium-v2,10,4.0,nonlinear,2,4.777762345389791
plain,halfcheetah-medium-v2,80,8.0,nonlinear,5,1.4676173089810003
plain,halfcheetah-medium-v2,80,8.0,nonlinear,1,1.2655034128778775
plain,halfcheetah-medium-v2,80,8.0,nonlinear,3,1.0804434673016057
plain,halfcheetah-medium-v2,80,8.0,nonlinear,2,1.4396634873607148
plain,halfcheetah-medium-v2,20,8.0,nonlinear,5,1.2354355013711489
plain,halfcheetah-medium-v2,20,8.0,nonlinear,1,1.521471427558518
plain,halfcheetah-medium-v2,20,8.0,nonlinear,3,1.2650868307456877
plain,halfcheetah-medium-v2,20,8.0,nonlinear,2,1.414401235966763
plain,halfcheetah-medium-v2,10,1.0,nonlinear,5,35.52467034176944
plain,halfcheetah-medium-v2,10,1.0,nonlinear,1,36.40743171697496
plain,halfcheetah-medium-v2,10,1.0,nonlinear,3,36.65141945467633
plain,halfcheetah-medium-v2,10,1.0,nonlinear,2,38.0872043960789
plain,halfcheetah-medium-v2,5,4.0,nonlinear,5,9.884514209836546
plain,halfcheetah-medium-v2,5,4.0,nonlinear,1,9.213823179320643
plain,halfcheetah-medium-v2,5,4.0,nonlinear,3,8.12635765651177
plain,halfcheetah-medium-v2,5,4.0,nonlinear,2,9.891918562641578
plain,halfcheetah-medium-v2,20,4.0,nonlinear,5,2.5745081991283456
plain,halfcheetah-medium-v2,20,4.0,nonlinear,1,2.755391340897284
plain,halfcheetah-medium-v2,20,4.0,nonlinear,3,2.3644714784077867
plain,halfcheetah-medium-v2,20,4.0,nonlinear,2,2.6096743651488215
plain,halfcheetah-medium-v2,80,4.0,nonlinear,5,2.2564528141376856
plain,halfcheetah-medium-v2,80,4.0,nonlinear,1,2.6365621287343752
plain,halfcheetah-medium-v2,80,4.0,nonlinear,3,2.141500365217234
plain,halfcheetah-medium-v2,80,4.0,nonlinear,2,2.193458259303271
plain,halfcheetah-medium-v2,5,1.0,nonlinear,5,39.54310461548089
plain,halfcheetah-medium-v2,5,1.0,nonlinear,1,36.934792039732436
plain,halfcheetah-medium-v2,5,1.0,nonlinear,3,37.90264598388183
plain,halfcheetah-medium-v2,5,1.0,nonlinear,2,37.59082598248053
plain,halfcheetah-medium-v2,40,1.0,nonlinear,5,23.689053664258328
plain,halfcheetah-medium-v2,40,1.0,nonlinear,1,31.274045179178856
plain,halfcheetah-medium-v2,40,1.0,nonlinear,3,30.343471280960653
plain,halfcheetah-medium-v2,40,1.0,nonlinear,2,29.631464665458417
plain,halfcheetah-medium-v2,10,2.0,nonlinear,5,25.497346095704955
plain,halfcheetah-medium-v2,10,2.0,nonlinear,1,26.489399430796333
plain,halfcheetah-medium-v2,10,2.0,nonlinear,3,25.94885718766968
plain,halfcheetah-medium-v2,10,2.0,nonlinear,2,25.610428927906142
raw_noisy,halfcheetah-medium-v2,20,0.5,nonlinear,5,37.72521446708287
raw_noisy,halfcheetah-medium-v2,20,0.5,nonlinear,1,37.51830277075309
raw_noisy,halfcheetah-medium-v2,20,0.5,nonlinear,3,36.99481886176264
raw_noisy,halfcheetah-medium-v2,20,0.5,nonlinear,2,38.07504511805877
raw_noisy,halfcheetah-medium-v2,10,8.0,nonlinear,5,2.2948038202868153
raw_noisy,halfcheetah-medium-v2,10,8.0,nonlinear,1,2.127246931744741
raw_noisy,halfcheetah-medium-v2,10,8.0,nonlinear,3,1.7212929709787692
raw_noisy,halfcheetah-medium-v2,10,8.0,nonlinear,2,2.4340059616353935
raw_noisy,halfcheetah-medium-v2,80,0.5,nonlinear,5,36.48068535330978
raw_noisy,halfcheetah-medium-v2,80,0.5,nonlinear,1,36.29250328176526
raw_noisy,halfcheetah-medium-v2,80,0.5,nonlinear,3,38.05605949610602
raw_noisy,halfcheetah-medium-v2,80,0.5,nonlinear,2,38.72996518907113
raw_noisy,halfcheetah-medium-v2,80,1.0,nonlinear,5,26.775943490631743
raw_noisy,halfcheetah-medium-v2,80,1.0,nonlinear,1,23.799493834274816
raw_noisy,halfcheetah-medium-v2,80,1.0,nonlinear,3,22.991428942517906
raw_noisy,halfcheetah-medium-v2,80,1.0,nonlinear,2,26.791085333587944
raw_noisy,halfcheetah-medium-v2,40,0.5,nonlinear,5,38.338388060892754
raw_noisy,halfcheetah-medium-v2,40,0.5,nonlinear,1,38.47961056236803
raw_noisy,halfcheetah-medium-v2,40,0.5,nonlinear,3,37.13198936324616
raw_noisy,halfcheetah-medium-v2,40,0.5,nonlinear,2,37.85602815744562
raw_noisy,halfcheetah-medium-v2,5,8.0,nonlinear,5,3.479976642043108
raw_noisy,halfcheetah-medium-v2,5,8.0,nonlinear,1,4.4566229048699295
raw_noisy,halfcheetah-medium-v2,5,8.0,nonlinear,3,5.890607992227091
raw_noisy,halfcheetah-medium-v2,5,8.0,nonlinear,2,4.447921458935713
raw_noisy,halfcheetah-medium-v2,20,1.0,nonlinear,5,31.028859795641438
raw_noisy,halfcheetah-medium-v2,20,1.0,nonlinear,1,12.326568524563156
raw_noisy,halfcheetah-medium-v2,20,1.0,nonlinear,3,30.17161679141967
raw_noisy,halfcheetah-medium-v2,20,1.0,nonlinear,2,27.85612540627136
raw_noisy,halfcheetah-medium-v2,80,2.0,nonlinear,5,6.119226809014395
raw_noisy,halfcheetah-medium-v2,80,2.0,nonlinear,1,6.8040279081626425
raw_noisy,halfcheetah-medium-v2,80,2.0,nonlinear,3,6.48922975779883
raw_noisy,halfcheetah-medium-v2,80,2.0,nonlinear,2,6.189490230118592
raw_noisy,halfcheetah-medium-v2,40,8.0,nonlinear,5,1.262214354810958
raw_noisy,halfcheetah-medium-v2,40,8.0,nonlinear,1,1.4551141639591583
raw_noisy,halfcheetah-medium-v2,40,8.0,nonlinear,3,1.2508161226068841
raw_noisy,halfcheetah-medium-v2,40,8.0,nonlinear,2,1.2630181355729666
raw_noisy,halfcheetah-medium-v2,40,4.0,nonlinear,5,2.8025781781762538
raw_noisy,halfcheetah-medium-v2,40,4.0,nonlinear,1,2.466918824548934
raw_noisy,halfcheetah-medium-v2,40,4.0,nonlinear,3,2.0484444937417132
raw_noisy,halfcheetah-medium-v2,40,4.0,nonlinear,2,2.480138299717771
raw_noisy,halfcheetah-medium-v2,5,0.5,nonlinear,5,37.612880889745206
raw_noisy,halfcheetah-medium-v2,5,0.5,nonlinear,1,33.39876084011072
raw_noisy,halfcheetah-medium-v2,5,0.5,nonlinear,3,37.71158785592341
raw_noisy,halfcheetah-medium-v2,5,0.5,nonlinear,2,38.8302676360594
raw_noisy,halfcheetah-medium-v2,20,2.0,nonlinear,5,12.916095900991575
raw_noisy,halfcheetah-medium-v2,20,2.0,nonlinear,1,12.715977944709703
raw_noisy,halfcheetah-medium-v2,20,2.0,nonlinear,3,9.99278270250049
raw_noisy,halfcheetah-medium-v2,20,2.0,nonlinear,2,11.191078825778192
raw_noisy,halfcheetah-medium-v2,40,2.0,nonlinear,5,7.530615072778614
raw_noisy,halfcheetah-medium-v2,40,2.0,nonlinear,1,7.0667483865890866
raw_noisy,halfcheetah-medium-v2,40,2.0,nonlinear,3,7.6177115475601385
raw_noisy,halfcheetah-medium-v2,40,2.0,nonlinear,2,7.530207425248705
raw_noisy,halfcheetah-medium-v2,10,0.5,nonlinear,5,35.4770565175827
raw_noisy,halfcheetah-medium-v2,10,0.5,nonlinear,1,37.3162868946743
raw_noisy,halfcheetah-medium-v2,10,0.5,nonlinear,3,36.49411125643004
raw_noisy,halfcheetah-medium-v2,10,0.5,nonlinear,2,36.986663898111836
raw_noisy,halfcheetah-medium-v2,5,2.0,nonlinear,5,30.96552265753229
raw_noisy,halfcheetah-medium-v2,5,2.0,nonlinear,1,29.186444010099343
raw_noisy,halfcheetah-medium-v2,5,2.0,nonlinear,3,30.003805736971568
raw_noisy,halfcheetah-medium-v2,5,2.0,nonlinear,2,31.70634549680363
raw_noisy,halfcheetah-medium-v2,10,4.0,nonlinear,5,6.669126291613502
raw_noisy,halfcheetah-medium-v2,10,4.0,nonlinear,1,5.872038617405075
raw_noisy,halfcheetah-medium-v2,10,4.0,nonlinear,3,4.635376290579854
raw_noisy,halfcheetah-medium-v2,10,4.0,nonlinear,2,5.190537199877432
raw_noisy,halfcheetah-medium-v2,80,8.0,nonlinear,5,1.3462711232665485
raw_noisy,halfcheetah-medium-v2,80,8.0,nonlinear,1,1.3901893750622554
raw_noisy,halfcheetah-medium-v2,80,8.0,nonlinear,3,1.449493598731039
raw_noisy,halfcheetah-medium-v2,80,8.0,nonlinear,2,1.5211535925375002
raw_noisy,halfcheetah-medium-v2,20,8.0,nonlinear,5,1.8748843208811143
raw_noisy,halfcheetah-medium-v2,20,8.0,nonlinear,1,1.5389629567260361
raw_noisy,halfcheetah-medium-v2,20,8.0,nonlinear,3,1.4909396923315064
raw_noisy,halfcheetah-medium-v2,20,8.0,nonlinear,2,1.4084024112865028
raw_noisy,halfcheetah-medium-v2,10,1.0,nonlinear,5,33.450496090895925
raw_noisy,halfcheetah-medium-v2,10,1.0,nonlinear,1,35.22846257042489
raw_noisy,halfcheetah-medium-v2,10,1.0,nonlinear,3,27.874757920377963
raw_noisy,halfcheetah-medium-v2,10,1.0,nonlinear,2,33.79310971694511
raw_noisy,halfcheetah-medium-v2,5,4.0,nonlinear,5,12.398445260302386
raw_noisy,halfcheetah-medium-v2,5,4.0,nonlinear,1,17.02835742151318
raw_noisy,halfcheetah-medium-v2,5,4.0,nonlinear,3,12.796549988972568
raw_noisy,halfcheetah-medium-v2,5,4.0,nonlinear,2,12.671603274749078
raw_noisy,halfcheetah-medium-v2,20,4.0,nonlinear,5,3.703431915813369
raw_noisy,halfcheetah-medium-v2,20,4.0,nonlinear,1,3.1015340956738706
raw_noisy,halfcheetah-medium-v2,20,4.0,nonlinear,3,3.188973545757793
raw_noisy,halfcheetah-medium-v2,20,4.0,nonlinear,2,3.287503728671506
raw_noisy,halfcheetah-medium-v2,80,4.0,nonlinear,5,2.196505216135838
raw_noisy,halfcheetah-medium-v2,80,4.0,nonlinear,1,2.21416992869511
raw_noisy,halfcheetah-medium-v2,80,4.0,nonlinear,3,3.079173072166159
raw_noisy,halfcheetah-medium-v2,80,4.0,nonlinear,2,2.300565801090964
raw_noisy,halfcheetah-medium-v2,5,1.0,nonlinear,5,34.8693631703187
raw_noisy,halfcheetah-medium-v2,5,1.0,nonlinear,1,34.50417960348374
raw_noisy,halfcheetah-medium-v2,5,1.0,nonlinear,3,33.0576818337599
raw_noisy,halfcheetah-medium-v2,5,1.0,nonlinear,2,36.51130358461061
raw_noisy,halfcheetah-medium-v2,40,1.0,nonlinear,5,27.96376019703681
raw_noisy,halfcheetah-medium-v2,40,1.0,nonlinear,1,21.936483869966004
raw_noisy,halfcheetah-medium-v2,40,1.0,nonlinear,3,23.534801137540885
raw_noisy,halfcheetah-medium-v2,40,1.0,nonlinear,2,28.02316987471626
raw_noisy,halfcheetah-medium-v2,10,2.0,nonlinear,5,16.986898465402426
raw_noisy,halfcheetah-medium-v2,10,2.0,nonlinear,1,25.405069634999407
raw_noisy,halfcheetah-medium-v2,10,2.0,nonlinear,3,17.388096764790443
raw_noisy,halfcheetah-medium-v2,10,2.0,nonlinear,2,21.31810768689151
disentangled_barlow,halfcheetah-medium-v2,20,0.5,nonlinear,5,38.89694941874329
disentangled_barlow,halfcheetah-medium-v2,20,0.5,nonlinear,1,39.94597588204635
disentangled_barlow,halfcheetah-medium-v2,20,0.5,nonlinear,3,38.301476760152156
disentangled_barlow,halfcheetah-medium-v2,20,0.5,nonlinear,2,39.30619975232035
disentangled_barlow,halfcheetah-medium-v2,10,8.0,nonlinear,5,1.4952865753331397
disentangled_barlow,halfcheetah-medium-v2,10,8.0,nonlinear,1,2.0328507055132934
disentangled_barlow,halfcheetah-medium-v2,10,8.0,nonlinear,3,0.9570803878931959
disentangled_barlow,halfcheetah-medium-v2,10,8.0,nonlinear,2,1.2219474108149992
disentangled_barlow,halfcheetah-medium-v2,80,0.5,nonlinear,5,38.3246484699468
disentangled_barlow,halfcheetah-medium-v2,80,0.5,nonlinear,1,37.0619270175679
disentangled_barlow,halfcheetah-medium-v2,80,0.5,nonlinear,2,39.61537594131152
disentangled_barlow,halfcheetah-medium-v2,80,1.0,nonlinear,5,25.5245135221407
disentangled_barlow,halfcheetah-medium-v2,80,1.0,nonlinear,1,27.122488546912244
disentangled_barlow,halfcheetah-medium-v2,80,1.0,nonlinear,2,23.738949892785193
disentangled_barlow,halfcheetah-medium-v2,40,0.5,nonlinear,5,38.83188753687711
disentangled_barlow,halfcheetah-medium-v2,40,0.5,nonlinear,1,38.973095066132935
disentangled_barlow,halfcheetah-medium-v2,40,0.5,nonlinear,3,39.41598003134244
disentangled_barlow,halfcheetah-medium-v2,40,0.5,nonlinear,2,38.16766820914983
disentangled_barlow,halfcheetah-medium-v2,5,8.0,nonlinear,5,3.364364791677273
disentangled_barlow,halfcheetah-medium-v2,5,8.0,nonlinear,1,3.1021978565348074
disentangled_barlow,halfcheetah-medium-v2,5,8.0,nonlinear,3,3.9675489572866254
disentangled_barlow,halfcheetah-medium-v2,5,8.0,nonlinear,2,3.7007982576703893
disentangled_barlow,halfcheetah-medium-v2,20,1.0,nonlinear,5,37.81704107092115
disentangled_barlow,halfcheetah-medium-v2,20,1.0,nonlinear,1,7.523050391662449
disentangled_barlow,halfcheetah-medium-v2,20,1.0,nonlinear,3,38.259877652863516
disentangled_barlow,halfcheetah-medium-v2,20,1.0,nonlinear,2,35.95554547122346
disentangled_barlow,halfcheetah-medium-v2,80,2.0,nonlinear,5,4.538898000659883
disentangled_barlow,halfcheetah-medium-v2,80,2.0,nonlinear,1,4.623743420549037
disentangled_barlow,halfcheetah-medium-v2,80,2.0,nonlinear,2,4.637276474101717
disentangled_barlow,halfcheetah-medium-v2,40,8.0,nonlinear,5,1.1999935604408634
disentangled_barlow,halfcheetah-medium-v2,40,8.0,nonlinear,1,0.9647587202769015
disentangled_barlow,halfcheetah-medium-v2,40,8.0,nonlinear,2,0.955209937959449
disentangled_barlow,halfcheetah-medium-v2,40,4.0,nonlinear,5,2.4811164297768094
disentangled_barlow,halfcheetah-medium-v2,40,4.0,nonlinear,1,2.0609562659033447
disentangled_barlow,halfcheetah-medium-v2,40,4.0,nonlinear,2,2.883993804916342
disentangled_barlow,halfcheetah-medium-v2,5,0.5,nonlinear,5,39.17336825723829
disentangled_barlow,halfcheetah-medium-v2,5,0.5,nonlinear,1,38.732191107226974
disentangled_barlow,halfcheetah-medium-v2,5,0.5,nonlinear,3,40.011457460786545
disentangled_barlow,halfcheetah-medium-v2,5,0.5,nonlinear,2,40.397393693468935
disentangled_barlow,halfcheetah-medium-v2,20,2.0,nonlinear,5,15.676905655998844
disentangled_barlow,halfcheetah-medium-v2,20,2.0,nonlinear,1,15.425117755068266
disentangled_barlow,halfcheetah-medium-v2,20,2.0,nonlinear,3,18.341865971304333
disentangled_barlow,halfcheetah-medium-v2,20,2.0,nonlinear,2,18.70014245743636
disentangled_barlow,halfcheetah-medium-v2,40,2.0,nonlinear,5,6.87880449104483
disentangled_barlow,halfcheetah-medium-v2,40,2.0,nonlinear,1,7.176342435000181
disentangled_barlow,halfcheetah-medium-v2,40,2.0,nonlinear,2,5.734331522652311
disentangled_barlow,halfcheetah-medium-v2,10,0.5,nonlinear,5,38.446930966540066
disentangled_barlow,halfcheetah-medium-v2,10,0.5,nonlinear,1,39.76312238812374
disentangled_barlow,halfcheetah-medium-v2,10,0.5,nonlinear,3,37.217300444332906
disentangled_barlow,halfcheetah-medium-v2,10,0.5,nonlinear,2,38.72641000276012
disentangled_barlow,halfcheetah-medium-v2,5,2.0,nonlinear,5,36.510834697510745
disentangled_barlow,halfcheetah-medium-v2,5,2.0,nonlinear,1,35.467938577185095
disentangled_barlow,halfcheetah-medium-v2,5,2.0,nonlinear,3,33.83776062537228
disentangled_barlow,halfcheetah-medium-v2,5,2.0,nonlinear,2,34.77715755310657
disentangled_barlow,halfcheetah-medium-v2,10,4.0,nonlinear,5,5.79270228389491
disentangled_barlow,halfcheetah-medium-v2,10,4.0,nonlinear,1,5.132801947711605
disentangled_barlow,halfcheetah-medium-v2,10,4.0,nonlinear,3,5.365871192135154
disentangled_barlow,halfcheetah-medium-v2,10,4.0,nonlinear,2,7.119751882833258
disentangled_barlow,halfcheetah-medium-v2,80,8.0,nonlinear,5,1.2287732491276417
disentangled_barlow,halfcheetah-medium-v2,80,8.0,nonlinear,1,0.8853255906731845
disentangled_barlow,halfcheetah-medium-v2,80,8.0,nonlinear,2,1.0330967694035902
disentangled_barlow,halfcheetah-medium-v2,20,8.0,nonlinear,5,1.4441614584451297
disentangled_barlow,halfcheetah-medium-v2,20,8.0,nonlinear,1,1.1934784921404646
disentangled_barlow,halfcheetah-medium-v2,20,8.0,nonlinear,3,1.0378605401449668
disentangled_barlow,halfcheetah-medium-v2,20,8.0,nonlinear,2,1.4698142427967018
disentangled_barlow,halfcheetah-medium-v2,10,1.0,nonlinear,5,39.14648596670154
disentangled_barlow,halfcheetah-medium-v2,10,1.0,nonlinear,1,37.82254202298094
disentangled_barlow,halfcheetah-medium-v2,10,1.0,nonlinear,3,38.155984759501095
disentangled_barlow,halfcheetah-medium-v2,10,1.0,nonlinear,2,37.60905542394944
disentangled_barlow,halfcheetah-medium-v2,5,4.0,nonlinear,5,15.548104057836532
disentangled_barlow,halfcheetah-medium-v2,5,4.0,nonlinear,1,12.899284289438675
disentangled_barlow,halfcheetah-medium-v2,5,4.0,nonlinear,3,14.51831663937527
disentangled_barlow,halfcheetah-medium-v2,5,4.0,nonlinear,2,17.5175132365306
disentangled_barlow,halfcheetah-medium-v2,20,4.0,nonlinear,5,2.886427600246367
disentangled_barlow,halfcheetah-medium-v2,20,4.0,nonlinear,1,2.8256423648559057
disentangled_barlow,halfcheetah-medium-v2,20,4.0,nonlinear,3,3.0220076406522485
disentangled_barlow,halfcheetah-medium-v2,20,4.0,nonlinear,2,3.261299143690332
disentangled_barlow,halfcheetah-medium-v2,80,4.0,nonlinear,5,1.9051805889987585
disentangled_barlow,halfcheetah-medium-v2,80,4.0,nonlinear,1,1.2789582092930747
disentangled_barlow,halfcheetah-medium-v2,80,4.0,nonlinear,2,2.241996287604466
disentangled_barlow,halfcheetah-medium-v2,5,1.0,nonlinear,5,39.25179689509695
disentangled_barlow,halfcheetah-medium-v2,5,1.0,nonlinear,1,39.30814126115979
disentangled_barlow,halfcheetah-medium-v2,5,1.0,nonlinear,3,36.67873486536497
disentangled_barlow,halfcheetah-medium-v2,5,1.0,nonlinear,2,40.02787840619934
disentangled_barlow,halfcheetah-medium-v2,40,1.0,nonlinear,5,30.087574408408102
disentangled_barlow,halfcheetah-medium-v2,40,1.0,nonlinear,1,34.84230037056707
disentangled_barlow,halfcheetah-medium-v2,40,1.0,nonlinear,3,26.22411468660111
disentangled_barlow,halfcheetah-medium-v2,40,1.0,nonlinear,2,33.557517129599006
disentangled_barlow,halfcheetah-medium-v2,10,2.0,nonlinear,5,30.060978538227218
disentangled_barlow,halfcheetah-medium-v2,10,2.0,nonlinear,1,32.0919380796523
disentangled_barlow,halfcheetah-medium-v2,10,2.0,nonlinear,3,30.02265559024781
disentangled_barlow,halfcheetah-medium-v2,10,2.0,nonlinear,2,32.34173603111198
disentangled_hsic,halfcheetah-medium-v2,20,0.5,nonlinear,5,39.51213157403823
disentangled_hsic,halfcheetah-medium-v2,20,0.5,nonlinear,1,40.65343527576386
disentangled_hsic,halfcheetah-medium-v2,20,0.5,nonlinear,3,40.12533891415645
disentangled_hsic,halfcheetah-medium-v2,20,0.5,nonlinear,2,38.14237189217628
disentangled_hsic,halfcheetah-medium-v2,10,8.0,nonlinear,5,1.7635440288651403
disentangled_hsic,halfcheetah-medium-v2,10,8.0,nonlinear,1,1.8890358078039915
disentangled_hsic,halfcheetah-medium-v2,10,8.0,nonlinear,3,1.7951419677290483
disentangled_hsic,halfcheetah-medium-v2,10,8.0,nonlinear,2,2.5316914100807484
disentangled_hsic,halfcheetah-medium-v2,80,0.5,nonlinear,5,39.76773694790224
disentangled_hsic,halfcheetah-medium-v2,80,0.5,nonlinear,1,39.199064261397254
disentangled_hsic,halfcheetah-medium-v2,80,0.5,nonlinear,3,38.96431896687783
disentangled_hsic,halfcheetah-medium-v2,80,0.5,nonlinear,2,38.788059986093224
disentangled_hsic,halfcheetah-medium-v2,80,1.0,nonlinear,5,26.053351679917718
disentangled_hsic,halfcheetah-medium-v2,80,1.0,nonlinear,1,25.54359343681596
disentangled_hsic,halfcheetah-medium-v2,80,1.0,nonlinear,3,27.306128508402217
disentangled_hsic,halfcheetah-medium-v2,80,1.0,nonlinear,2,30.85811317911403
disentangled_hsic,halfcheetah-medium-v2,40,0.5,nonlinear,5,34.24120395746454
disentangled_hsic,halfcheetah-medium-v2,40,0.5,nonlinear,1,36.44997281179398
disentangled_hsic,halfcheetah-medium-v2,40,0.5,nonlinear,3,36.99739242046186
disentangled_hsic,halfcheetah-medium-v2,40,0.5,nonlinear,2,35.938353624949
disentangled_hsic,halfcheetah-medium-v2,5,8.0,nonlinear,5,3.120357598270226
disentangled_hsic,halfcheetah-medium-v2,5,8.0,nonlinear,1,3.552000878179619
disentangled_hsic,halfcheetah-medium-v2,5,8.0,nonlinear,3,3.624261493107144
disentangled_hsic,halfcheetah-medium-v2,5,8.0,nonlinear,2,4.902976869088187
disentangled_hsic,halfcheetah-medium-v2,20,1.0,nonlinear,5,33.84467460659193
disentangled_hsic,halfcheetah-medium-v2,20,1.0,nonlinear,1,7.737696601230058
disentangled_hsic,halfcheetah-medium-v2,20,1.0,nonlinear,3,37.24436052869656
disentangled_hsic,halfcheetah-medium-v2,20,1.0,nonlinear,2,34.64468677653468
disentangled_hsic,halfcheetah-medium-v2,80,2.0,nonlinear,5,6.455096506231277
disentangled_hsic,halfcheetah-medium-v2,80,2.0,nonlinear,1,6.021476623387532
disentangled_hsic,halfcheetah-medium-v2,80,2.0,nonlinear,3,5.40867732682064
disentangled_hsic,halfcheetah-medium-v2,80,2.0,nonlinear,2,6.711692526899501
disentangled_hsic,halfcheetah-medium-v2,40,8.0,nonlinear,5,1.1476273706352362
disentangled_hsic,halfcheetah-medium-v2,40,8.0,nonlinear,1,1.7512410854097653
disentangled_hsic,halfcheetah-medium-v2,40,8.0,nonlinear,3,1.223306111671313
disentangled_hsic,halfcheetah-medium-v2,40,8.0,nonlinear,2,1.2279433726373448
disentangled_hsic,halfcheetah-medium-v2,40,4.0,nonlinear,5,2.5897120105659286
disentangled_hsic,halfcheetah-medium-v2,40,4.0,nonlinear,1,2.5841761286540166
disentangled_hsic,halfcheetah-medium-v2,40,4.0,nonlinear,3,2.1483540992167827
disentangled_hsic,halfcheetah-medium-v2,40,4.0,nonlinear,2,2.188917665147344
disentangled_hsic,halfcheetah-medium-v2,5,0.5,nonlinear,5,38.66039896430981
disentangled_hsic,halfcheetah-medium-v2,5,0.5,nonlinear,1,39.90045045354522
disentangled_hsic,halfcheetah-medium-v2,5,0.5,nonlinear,3,38.77452403175802
disentangled_hsic,halfcheetah-medium-v2,5,0.5,nonlinear,2,40.61485314237711
disentangled_hsic,halfcheetah-medium-v2,20,2.0,nonlinear,5,14.45648157696889
disentangled_hsic,halfcheetah-medium-v2,20,2.0,nonlinear,1,17.212775728586713
disentangled_hsic,halfcheetah-medium-v2,20,2.0,nonlinear,3,19.388424752173897
disentangled_hsic,halfcheetah-medium-v2,20,2.0,nonlinear,2,18.10450001124059
disentangled_hsic,halfcheetah-medium-v2,40,2.0,nonlinear,5,9.02254114259197
disentangled_hsic,halfcheetah-medium-v2,40,2.0,nonlinear,1,8.419290942876641
disentangled_hsic,halfcheetah-medium-v2,40,2.0,nonlinear,3,7.794416327883866
disentangled_hsic,halfcheetah-medium-v2,40,2.0,nonlinear,2,6.500194329242054
disentangled_hsic,halfcheetah-medium-v2,10,0.5,nonlinear,5,39.49603979459977
disentangled_hsic,halfcheetah-medium-v2,10,0.5,nonlinear,1,38.68311564903678
disentangled_hsic,halfcheetah-medium-v2,10,0.5,nonlinear,3,37.7524469370153
disentangled_hsic,halfcheetah-medium-v2,10,0.5,nonlinear,2,39.30303422784086
disentangled_hsic,halfcheetah-medium-v2,5,2.0,nonlinear,5,36.83108078088469
disentangled_hsic,halfcheetah-medium-v2,5,2.0,nonlinear,1,38.13725751686524
disentangled_hsic,halfcheetah-medium-v2,5,2.0,nonlinear,3,32.4342839125819
disentangled_hsic,halfcheetah-medium-v2,5,2.0,nonlinear,2,37.7177220262012
disentangled_hsic,halfcheetah-medium-v2,10,4.0,nonlinear,5,4.641286722579945
disentangled_hsic,halfcheetah-medium-v2,10,4.0,nonlinear,1,4.990020618112008
disentangled_hsic,halfcheetah-medium-v2,10,4.0,nonlinear,3,5.766990231753847
disentangled_hsic,halfcheetah-medium-v2,10,4.0,nonlinear,2,5.786102183562303
disentangled_hsic,halfcheetah-medium-v2,80,8.0,nonlinear,5,1.1366645798486057
disentangled_hsic,halfcheetah-medium-v2,80,8.0,nonlinear,1,1.2099292410078792
disentangled_hsic,halfcheetah-medium-v2,80,8.0,nonlinear,3,0.9246035384743775
disentangled_hsic,halfcheetah-medium-v2,80,8.0,nonlinear,2,0.9891505027101076
disentangled_hsic,halfcheetah-medium-v2,20,8.0,nonlinear,5,1.5394952574884733
disentangled_hsic,halfcheetah-medium-v2,20,8.0,nonlinear,1,1.2167520664460145
disentangled_hsic,halfcheetah-medium-v2,20,8.0,nonlinear,3,1.4517587338515254
disentangled_hsic,halfcheetah-medium-v2,20,8.0,nonlinear,2,1.3590232866417118
disentangled_hsic,halfcheetah-medium-v2,10,1.0,nonlinear,5,39.16023307469474
disentangled_hsic,halfcheetah-medium-v2,10,1.0,nonlinear,1,37.82421899348876
disentangled_hsic,halfcheetah-medium-v2,10,1.0,nonlinear,3,37.66828759191853
disentangled_hsic,halfcheetah-medium-v2,10,1.0,nonlinear,2,36.8110915287194
disentangled_hsic,halfcheetah-medium-v2,5,4.0,nonlinear,5,17.904676902137552
disentangled_hsic,halfcheetah-medium-v2,5,4.0,nonlinear,1,16.41755272988612
disentangled_hsic,halfcheetah-medium-v2,5,4.0,nonlinear,3,15.413999876392673
disentangled_hsic,halfcheetah-medium-v2,5,4.0,nonlinear,2,19.320482780589852
disentangled_hsic,halfcheetah-medium-v2,20,4.0,nonlinear,5,2.9614474054709645
disentangled_hsic,halfcheetah-medium-v2,20,4.0,nonlinear,1,3.4232320549486652
disentangled_hsic,halfcheetah-medium-v2,20,4.0,nonlinear,3,2.831430814749573
disentangled_hsic,halfcheetah-medium-v2,20,4.0,nonlinear,2,2.8921098019838025
disentangled_hsic,halfcheetah-medium-v2,80,4.0,nonlinear,5,2.1620458504961415
disentangled_hsic,halfcheetah-medium-v2,80,4.0,nonlinear,1,1.9302856888145659
disentangled_hsic,halfcheetah-medium-v2,80,4.0,nonlinear,3,1.9058298315776774
disentangled_hsic,halfcheetah-medium-v2,80,4.0,nonlinear,2,1.8709520629134384
disentangled_hsic,halfcheetah-medium-v2,5,1.0,nonlinear,5,39.36841820057665
disentangled_hsic,halfcheetah-medium-v2,5,1.0,nonlinear,1,39.6114193064278
disentangled_hsic,halfcheetah-medium-v2,5,1.0,nonlinear,3,40.00521659419858
disentangled_hsic,halfcheetah-medium-v2,5,1.0,nonlinear,2,39.97333961825274
disentangled_hsic,halfcheetah-medium-v2,40,1.0,nonlinear,5,29.79654559215767
disentangled_hsic,halfcheetah-medium-v2,40,1.0,nonlinear,1,29.832001438656874
disentangled_hsic,halfcheetah-medium-v2,40,1.0,nonlinear,3,30.68607092543904
disentangled_hsic,halfcheetah-medium-v2,40,1.0,nonlinear,2,27.018579029637667
disentangled_hsic,halfcheetah-medium-v2,10,2.0,nonlinear,5,32.958897648235244
disentangled_hsic,halfcheetah-medium-v2,10,2.0,nonlinear,1,33.36975077171902
disentangled_hsic,halfcheetah-medium-v2,10,2.0,nonlinear,3,30.769412810889957
disentangled_hsic,halfcheetah-medium-v2,10,2.0,nonlinear,2,32.811306535388695
disentangled_infonce,halfcheetah-medium-v2,20,0.5,nonlinear,5,37.72489466229405
disentangled_infonce,halfcheetah-medium-v2,20,0.5,nonlinear,1,39.59096415577077
disentangled_infonce,halfcheetah-medium-v2,20,0.5,nonlinear,3,38.84134954129177
disentangled_infonce,halfcheetah-medium-v2,20,0.5,nonlinear,2,37.54271139911241
disentangled_infonce,halfcheetah-medium-v2,10,8.0,nonlinear,5,1.5312528470920244
disentangled_infonce,halfcheetah-medium-v2,10,8.0,nonlinear,1,1.5914571786721416
disentangled_infonce,halfcheetah-medium-v2,10,8.0,nonlinear,3,1.678175297057529
disentangled_infonce,halfcheetah-medium-v2,10,8.0,nonlinear,2,2.369159885695684
disentangled_infonce,halfcheetah-medium-v2,80,0.5,nonlinear,5,37.808616673782524
disentangled_infonce,halfcheetah-medium-v2,80,0.5,nonlinear,1,37.048520176242015
disentangled_infonce,halfcheetah-medium-v2,80,0.5,nonlinear,3,39.21487851370341
disentangled_infonce,halfcheetah-medium-v2,80,0.5,nonlinear,2,38.47144270485334
disentangled_infonce,halfcheetah-medium-v2,80,1.0,nonlinear,5,22.802485623240052
disentangled_infonce,halfcheetah-medium-v2,80,1.0,nonlinear,1,27.234649774283763
disentangled_infonce,halfcheetah-medium-v2,80,1.0,nonlinear,3,27.043748623947593
disentangled_infonce,halfcheetah-medium-v2,80,1.0,nonlinear,2,26.052454480394378
disentangled_infonce,halfcheetah-medium-v2,40,0.5,nonlinear,5,35.55204895618542
disentangled_infonce,halfcheetah-medium-v2,40,0.5,nonlinear,1,38.60147349931775
disentangled_infonce,halfcheetah-medium-v2,40,0.5,nonlinear,3,35.43662981108462
disentangled_infonce,halfcheetah-medium-v2,40,0.5,nonlinear,2,36.681013683190564
disentangled_infonce,halfcheetah-medium-v2,5,8.0,nonlinear,5,2.50156566481982
disentangled_infonce,halfcheetah-medium-v2,5,8.0,nonlinear,1,3.8674462470757955
disentangled_infonce,halfcheetah-medium-v2,5,8.0,nonlinear,3,3.5428963924294297
disentangled_infonce,halfcheetah-medium-v2,5,8.0,nonlinear,2,4.692202023137152
disentangled_infonce,halfcheetah-medium-v2,20,1.0,nonlinear,5,33.61731844693356
disentangled_infonce,halfcheetah-medium-v2,20,1.0,nonlinear,1,5.776965006635989
disentangled_infonce,halfcheetah-medium-v2,20,1.0,nonlinear,3,34.74956705442071
disentangled_infonce,halfcheetah-medium-v2,20,1.0,nonlinear,2,35.350729218890464
disentangled_infonce,halfcheetah-medium-v2,80,2.0,nonlinear,5,5.798559567141828
disentangled_infonce,halfcheetah-medium-v2,80,2.0,nonlinear,1,5.017942294798954
disentangled_infonce,halfcheetah-medium-v2,80,2.0,nonlinear,3,5.454980135851349
disentangled_infonce,halfcheetah-medium-v2,80,2.0,nonlinear,2,5.486079375050476
disentangled_infonce,halfcheetah-medium-v2,40,8.0,nonlinear,5,1.5671882369677506
disentangled_infonce,halfcheetah-medium-v2,40,8.0,nonlinear,1,0.923972944722995
disentangled_infonce,halfcheetah-medium-v2,40,8.0,nonlinear,3,1.27095337253756
disentangled_infonce,halfcheetah-medium-v2,40,8.0,nonlinear,2,1.0440671652610134
disentangled_infonce,halfcheetah-medium-v2,40,4.0,nonlinear,5,2.309935513396089
disentangled_infonce,halfcheetah-medium-v2,40,4.0,nonlinear,1,2.2510280426150824
disentangled_infonce,halfcheetah-medium-v2,40,4.0,nonlinear,3,2.268212986497187
disentangled_infonce,halfcheetah-medium-v2,40,4.0,nonlinear,2,2.605962981950128
disentangled_infonce,halfcheetah-medium-v2,5,0.5,nonlinear,5,39.67937370009822
disentangled_infonce,halfcheetah-medium-v2,5,0.5,nonlinear,1,39.18319606239643
disentangled_infonce,halfcheetah-medium-v2,5,0.5,nonlinear,3,37.58229753666906
disentangled_infonce,halfcheetah-medium-v2,5,0.5,nonlinear,2,39.03241038724756
disentangled_infonce,halfcheetah-medium-v2,20,2.0,nonlinear,5,16.819336076061884
disentangled_infonce,halfcheetah-medium-v2,20,2.0,nonlinear,1,10.456550629907897
disentangled_infonce,halfcheetah-medium-v2,20,2.0,nonlinear,3,16.849454871560017
disentangled_infonce,halfcheetah-medium-v2,20,2.0,nonlinear,2,14.570558359860227
disentangled_infonce,halfcheetah-medium-v2,40,2.0,nonlinear,5,8.501586959472847
disentangled_infonce,halfcheetah-medium-v2,40,2.0,nonlinear,1,6.7238703150771535
disentangled_infonce,halfcheetah-medium-v2,40,2.0,nonlinear,3,5.7738934009989915
disentangled_infonce,halfcheetah-medium-v2,40,2.0,nonlinear,2,8.348965876083128
disentangled_infonce,halfcheetah-medium-v2,10,0.5,nonlinear,5,36.82529373739395
disentangled_infonce,halfcheetah-medium-v2,10,0.5,nonlinear,1,36.581939913904684
disentangled_infonce,halfcheetah-medium-v2,10,0.5,nonlinear,3,35.01402194281093
disentangled_infonce,halfcheetah-medium-v2,10,0.5,nonlinear,2,39.52463294996175
disentangled_infonce,halfcheetah-medium-v2,5,2.0,nonlinear,5,30.584795945913047
disentangled_infonce,halfcheetah-medium-v2,5,2.0,nonlinear,1,33.664109707438016
disentangled_infonce,halfcheetah-medium-v2,5,2.0,nonlinear,3,33.876019613526786
disentangled_infonce,halfcheetah-medium-v2,5,2.0,nonlinear,2,35.30328303017424
disentangled_infonce,halfcheetah-medium-v2,10,4.0,nonlinear,5,5.524498546305576
disentangled_infonce,halfcheetah-medium-v2,10,4.0,nonlinear,1,4.310636962781402
disentangled_infonce,halfcheetah-medium-v2,10,4.0,nonlinear,3,5.482831272805367
disentangled_infonce,halfcheetah-medium-v2,10,4.0,nonlinear,2,7.607277563731136
disentangled_infonce,halfcheetah-medium-v2,80,8.0,nonlinear,5,1.46463211693331
disentangled_infonce,halfcheetah-medium-v2,80,8.0,nonlinear,1,1.17473879742729
disentangled_infonce,halfcheetah-medium-v2,80,8.0,nonlinear,3,1.3046003570012594
disentangled_infonce,halfcheetah-medium-v2,80,8.0,nonlinear,2,1.1394158146272328
disentangled_infonce,halfcheetah-medium-v2,20,8.0,nonlinear,5,1.4865340372542148
disentangled_infonce,halfcheetah-medium-v2,20,8.0,nonlinear,1,1.6382093427769442
disentangled_infonce,halfcheetah-medium-v2,20,8.0,nonlinear,3,1.4186888552868797
disentangled_infonce,halfcheetah-medium-v2,20,8.0,nonlinear,2,1.5721549884541794
disentangled_infonce,halfcheetah-medium-v2,10,1.0,nonlinear,5,38.64911088071984
disentangled_infonce,halfcheetah-medium-v2,10,1.0,nonlinear,1,37.832888688770616
disentangled_infonce,halfcheetah-medium-v2,10,1.0,nonlinear,3,38.9863028184696
disentangled_infonce,halfcheetah-medium-v2,10,1.0,nonlinear,2,36.77074252732119
disentangled_infonce,halfcheetah-medium-v2,5,4.0,nonlinear,5,14.5812565513558
disentangled_infonce,halfcheetah-medium-v2,5,4.0,nonlinear,1,15.362983676277326
disentangled_infonce,halfcheetah-medium-v2,5,4.0,nonlinear,3,9.47041302466612
disentangled_infonce,halfcheetah-medium-v2,5,4.0,nonlinear,2,18.624184412079376
disentangled_infonce,halfcheetah-medium-v2,20,4.0,nonlinear,5,3.1032560210748255
disentangled_infonce,halfcheetah-medium-v2,20,4.0,nonlinear,1,2.4502348065371518
disentangled_infonce,halfcheetah-medium-v2,20,4.0,nonlinear,3,2.8563707725555103
disentangled_infonce,halfcheetah-medium-v2,20,4.0,nonlinear,2,2.83047602509946
disentangled_infonce,halfcheetah-medium-v2,80,4.0,nonlinear,5,1.860810566147148
disentangled_infonce,halfcheetah-medium-v2,80,4.0,nonlinear,1,2.1407647213784364
disentangled_infonce,halfcheetah-medium-v2,80,4.0,nonlinear,3,1.7997769582987568
disentangled_infonce,halfcheetah-medium-v2,80,4.0,nonlinear,2,2.0929016110870657
disentangled_infonce,halfcheetah-medium-v2,5,1.0,nonlinear,5,37.854732438346836
disentangled_infonce,halfcheetah-medium-v2,5,1.0,nonlinear,1,37.91496985901175
disentangled_infonce,halfcheetah-medium-v2,5,1.0,nonlinear,3,38.72296822524554
disentangled_infonce,halfcheetah-medium-v2,5,1.0,nonlinear,2,39.69121137425559
disentangled_infonce,halfcheetah-medium-v2,40,1.0,nonlinear,5,28.64692681178407
disentangled_infonce,halfcheetah-medium-v2,40,1.0,nonlinear,1,29.836316941672653
disentangled_infonce,halfcheetah-medium-v2,40,1.0,nonlinear,3,27.46497378679651
disentangled_infonce,halfcheetah-medium-v2,40,1.0,nonlinear,2,30.95470139203607
disentangled_infonce,halfcheetah-medium-v2,10,2.0,nonlinear,5,28.99551757869486
disentangled_infonce,halfcheetah-medium-v2,10,2.0,nonlinear,1,30.429698392304356
disentangled_infonce,halfcheetah-medium-v2,10,2.0,nonlinear,3,28.458533131926345
disentangled_infonce,halfcheetah-medium-v2,10,2.0,nonlinear,2,31.129488531907366
disentangled_cov,halfcheetah-medium-v2,20,0.5,nonlinear,5,39.36073134379554
disentangled_cov,halfcheetah-medium-v2,20,0.5,nonlinear,1,38.78524014851413
disentangled_cov,halfcheetah-medium-v2,20,0.5,nonlinear,3,39.29399097137661
disentangled_cov,halfcheetah-medium-v2,20,0.5,nonlinear,2,37.791991087840934
disentangled_cov,halfcheetah-medium-v2,10,8.0,nonlinear,5,1.7180496361452993
disentangled_cov,halfcheetah-medium-v2,10,8.0,nonlinear,1,1.437533792081932
disentangled_cov,halfcheetah-medium-v2,10,8.0,nonlinear,3,1.7889344889260723
disentangled_cov,halfcheetah-medium-v2,10,8.0,nonlinear,2,0.8376405047333976
disentangled_cov,halfcheetah-medium-v2,80,0.5,nonlinear,5,38.978968768301996
disentangled_cov,halfcheetah-medium-v2,80,0.5,nonlinear,1,38.79817258416909
disentangled_cov,halfcheetah-medium-v2,80,0.5,nonlinear,3,39.690951703880266
disentangled_cov,halfcheetah-medium-v2,80,0.5,nonlinear,2,38.52614305242892
disentangled_cov,halfcheetah-medium-v2,80,1.0,nonlinear,5,28.283245552886903
disentangled_cov,halfcheetah-medium-v2,80,1.0,nonlinear,1,29.60601520341154
disentangled_cov,halfcheetah-medium-v2,80,1.0,nonlinear,3,26.36988286810406
disentangled_cov,halfcheetah-medium-v2,80,1.0,nonlinear,2,27.435401132899923
disentangled_cov,halfcheetah-medium-v2,40,0.5,nonlinear,5,36.578759257489615
disentangled_cov,halfcheetah-medium-v2,40,0.5,nonlinear,1,37.60598551945972
disentangled_cov,halfcheetah-medium-v2,40,0.5,nonlinear,3,38.74740219720622
disentangled_cov,halfcheetah-medium-v2,40,0.5,nonlinear,2,39.100889184972374
disentangled_cov,halfcheetah-medium-v2,5,8.0,nonlinear,5,3.2253252576517433
disentangled_cov,halfcheetah-medium-v2,5,8.0,nonlinear,1,3.7209797179375017
disentangled_cov,halfcheetah-medium-v2,5,8.0,nonlinear,3,3.7939371958110195
disentangled_cov,halfcheetah-medium-v2,5,8.0,nonlinear,2,4.636261568426857
disentangled_cov,halfcheetah-medium-v2,20,1.0,nonlinear,5,34.42070311004843
disentangled_cov,halfcheetah-medium-v2,20,1.0,nonlinear,1,7.7467761417822505
disentangled_cov,halfcheetah-medium-v2,20,1.0,nonlinear,3,37.93042470235532
disentangled_cov,halfcheetah-medium-v2,20,1.0,nonlinear,2,36.49699506532439
disentangled_cov,halfcheetah-medium-v2,80,2.0,nonlinear,5,4.753482133605541
disentangled_cov,halfcheetah-medium-v2,80,2.0,nonlinear,1,5.403598567783757
disentangled_cov,halfcheetah-medium-v2,80,2.0,nonlinear,3,6.227499005561675
disentangled_cov,halfcheetah-medium-v2,80,2.0,nonlinear,2,6.537667521178172
disentangled_cov,halfcheetah-medium-v2,40,8.0,nonlinear,5,0.942995030456287
disentangled_cov,halfcheetah-medium-v2,40,8.0,nonlinear,1,1.2344836103177266
disentangled_cov,halfcheetah-medium-v2,40,8.0,nonlinear,3,1.1393266501629642
disentangled_cov,halfcheetah-medium-v2,40,8.0,nonlinear,2,1.2901503098969735
disentangled_cov,halfcheetah-medium-v2,40,4.0,nonlinear,5,2.0283327282540635
disentangled_cov,halfcheetah-medium-v2,40,4.0,nonlinear,1,2.2682013827525416
disentangled_cov,halfcheetah-medium-v2,40,4.0,nonlinear,3,2.6234957697159023
disentangled_cov,halfcheetah-medium-v2,40,4.0,nonlinear,2,2.3540204572254075
disentangled_cov,halfcheetah-medium-v2,5,0.5,nonlinear,5,39.97319102635892
disentangled_cov,halfcheetah-medium-v2,5,0.5,nonlinear,1,36.1021150711811
disentangled_cov,halfcheetah-medium-v2,5,0.5,nonlinear,3,39.198195860581
disentangled_cov,halfcheetah-medium-v2,5,0.5,nonlinear,2,40.01278512692622
disentangled_cov,halfcheetah-medium-v2,20,2.0,nonlinear,5,17.613439687958692
disentangled_cov,halfcheetah-medium-v2,20,2.0,nonlinear,1,16.571264929489473
disentangled_cov,halfcheetah-medium-v2,20,2.0,nonlinear,3,20.42845466758716
disentangled_cov,halfcheetah-medium-v2,20,2.0,nonlinear,2,17.75511097442531
disentangled_cov,halfcheetah-medium-v2,40,2.0,nonlinear,5,7.206810465696026
disentangled_cov,halfcheetah-medium-v2,40,2.0,nonlinear,1,8.055176374373966
disentangled_cov,halfcheetah-medium-v2,40,2.0,nonlinear,3,7.031402085544844
disentangled_cov,halfcheetah-medium-v2,40,2.0,nonlinear,2,7.513749772713388
disentangled_cov,halfcheetah-medium-v2,10,0.5,nonlinear,5,38.60835909061593
disentangled_cov,halfcheetah-medium-v2,10,0.5,nonlinear,1,38.97541698506905
disentangled_cov,halfcheetah-medium-v2,10,0.5,nonlinear,3,36.3121823112034
disentangled_cov,halfcheetah-medium-v2,10,0.5,nonlinear,2,39.948489240578766
disentangled_cov,halfcheetah-medium-v2,5,2.0,nonlinear,5,36.480967070876424
disentangled_cov,halfcheetah-medium-v2,5,2.0,nonlinear,1,34.078712567889966
disentangled_cov,halfcheetah-medium-v2,5,2.0,nonlinear,3,32.42129884513349
disentangled_cov,halfcheetah-medium-v2,5,2.0,nonlinear,2,37.855571238928164
disentangled_cov,halfcheetah-medium-v2,10,4.0,nonlinear,5,4.375552600703285
disentangled_cov,halfcheetah-medium-v2,10,4.0,nonlinear,1,6.258701438276446
disentangled_cov,halfcheetah-medium-v2,10,4.0,nonlinear,3,5.048568654860263
disentangled_cov,halfcheetah-medium-v2,10,4.0,nonlinear,2,8.127663634412716
disentangled_cov,halfcheetah-medium-v2,80,8.0,nonlinear,5,1.2308585277984627
disentangled_cov,halfcheetah-medium-v2,80,8.0,nonlinear,1,1.4663827844450417
disentangled_cov,halfcheetah-medium-v2,80,8.0,nonlinear,3,1.0403205853724045
disentangled_cov,halfcheetah-medium-v2,80,8.0,nonlinear,2,1.191733075851744
disentangled_cov,halfcheetah-medium-v2,20,8.0,nonlinear,5,1.2884275672458811
disentangled_cov,halfcheetah-medium-v2,20,8.0,nonlinear,1,1.4321048810800239
disentangled_cov,halfcheetah-medium-v2,20,8.0,nonlinear,3,1.1022597231658597
disentangled_cov,halfcheetah-medium-v2,20,8.0,nonlinear,2,1.4468107256120915
disentangled_cov,halfcheetah-medium-v2,10,1.0,nonlinear,5,36.720991725379776
disentangled_cov,halfcheetah-medium-v2,10,1.0,nonlinear,1,37.07102973086959
disentangled_cov,halfcheetah-medium-v2,10,1.0,nonlinear,3,39.18307902661658
disentangled_cov,halfcheetah-medium-v2,10,1.0,nonlinear,2,39.15202230918669
disentangled_cov,halfcheetah-medium-v2,5,4.0,nonlinear,5,14.460203871939967
disentangled_cov,halfcheetah-medium-v2,5,4.0,nonlinear,1,12.61509012587958
disentangled_cov,halfcheetah-medium-v2,5,4.0,nonlinear,3,16.720584519074965
disentangled_cov,halfcheetah-medium-v2,5,4.0,nonlinear,2,16.283254247143237
disentangled_cov,halfcheetah-medium-v2,20,4.0,nonlinear,5,3.306021550915333
disentangled_cov,halfcheetah-medium-v2,20,4.0,nonlinear,1,2.854960830914853
disentangled_cov,halfcheetah-medium-v2,20,4.0,nonlinear,3,3.1508651490206554
disentangled_cov,halfcheetah-medium-v2,20,4.0,nonlinear,2,3.486967206402908
disentangled_cov,halfcheetah-medium-v2,80,4.0,nonlinear,5,2.3148149980110606
disentangled_cov,halfcheetah-medium-v2,80,4.0,nonlinear,1,1.9261901687839504
disentangled_cov,halfcheetah-medium-v2,80,4.0,nonlinear,3,1.8010950760418118
disentangled_cov,halfcheetah-medium-v2,80,4.0,nonlinear,2,2.330594426323178
disentangled_cov,halfcheetah-medium-v2,5,1.0,nonlinear,5,39.09841209620017
disentangled_cov,halfcheetah-medium-v2,5,1.0,nonlinear,1,36.60114236524346
disentangled_cov,halfcheetah-medium-v2,5,1.0,nonlinear,3,37.70929125795811
disentangled_cov,halfcheetah-medium-v2,5,1.0,nonlinear,2,39.16542631986448
disentangled_cov,halfcheetah-medium-v2,40,1.0,nonlinear,5,31.052807097001327
disentangled_cov,halfcheetah-medium-v2,40,1.0,nonlinear,1,32.36550977724701
disentangled_cov,halfcheetah-medium-v2,40,1.0,nonlinear,3,27.004585701178474
disentangled_cov,halfcheetah-medium-v2,40,1.0,nonlinear,2,30.12386137887898
disentangled_cov,halfcheetah-medium-v2,10,2.0,nonlinear,5,31.30002280502267
disentangled_cov,halfcheetah-medium-v2,10,2.0,nonlinear,1,29.237857156310774
disentangled_cov,halfcheetah-medium-v2,10,2.0,nonlinear,3,28.17562323397114
disentangled_cov,halfcheetah-medium-v2,10,2.0,nonlinear,2,31.70634685878195
disentangled_l1,halfcheetah-medium-v2,20,0.5,nonlinear,5,36.77789487903882
disentangled_l1,halfcheetah-medium-v2,20,0.5,nonlinear,1,34.24763936600946
disentangled_l1,halfcheetah-medium-v2,20,0.5,nonlinear,3,37.733603995193036
disentangled_l1,halfcheetah-medium-v2,20,0.5,nonlinear,2,34.181696612424275
disentangled_l1,halfcheetah-medium-v2,10,8.0,nonlinear,5,1.198837745973436
disentangled_l1,halfcheetah-medium-v2,10,8.0,nonlinear,1,1.9161378605741686
disentangled_l1,halfcheetah-medium-v2,10,8.0,nonlinear,3,1.5479757514824461
disentangled_l1,halfcheetah-medium-v2,10,8.0,nonlinear,2,2.202220245409888
disentangled_l1,halfcheetah-medium-v2,80,0.5,nonlinear,5,23.078402301823925
disentangled_l1,halfcheetah-medium-v2,80,0.5,nonlinear,1,33.03029879389028
disentangled_l1,halfcheetah-medium-v2,80,0.5,nonlinear,3,23.557199603956896
disentangled_l1,halfcheetah-medium-v2,80,0.5,nonlinear,2,35.17965976909365
disentangled_l1,halfcheetah-medium-v2,80,1.0,nonlinear,5,18.022085470211437
disentangled_l1,halfcheetah-medium-v2,80,1.0,nonlinear,1,8.677816728035651
disentangled_l1,halfcheetah-medium-v2,80,1.0,nonlinear,3,12.572275015115109
disentangled_l1,halfcheetah-medium-v2,80,1.0,nonlinear,2,19.80155854309122
disentangled_l1,halfcheetah-medium-v2,40,0.5,nonlinear,5,38.44635972498041
disentangled_l1,halfcheetah-medium-v2,40,0.5,nonlinear,1,35.291082100305324
disentangled_l1,halfcheetah-medium-v2,40,0.5,nonlinear,3,32.80314156628702
disentangled_l1,halfcheetah-medium-v2,40,0.5,nonlinear,2,20.826720620432084
disentangled_l1,halfcheetah-medium-v2,5,8.0,nonlinear,5,2.860861927172359
disentangled_l1,halfcheetah-medium-v2,5,8.0,nonlinear,1,3.518212236691873
disentangled_l1,halfcheetah-medium-v2,5,8.0,nonlinear,3,3.482425660664591
disentangled_l1,halfcheetah-medium-v2,5,8.0,nonlinear,2,4.03637396966779
disentangled_l1,halfcheetah-medium-v2,20,1.0,nonlinear,5,35.80702254425691
disentangled_l1,halfcheetah-medium-v2,20,1.0,nonlinear,1,5.979871280122448
disentangled_l1,halfcheetah-medium-v2,20,1.0,nonlinear,3,33.13574238885074
disentangled_l1,halfcheetah-medium-v2,20,1.0,nonlinear,2,32.67409307241115
disentangled_l1,halfcheetah-medium-v2,80,2.0,nonlinear,5,1.6866628233227514
disentangled_l1,halfcheetah-medium-v2,80,2.0,nonlinear,1,1.819607055148555
disentangled_l1,halfcheetah-medium-v2,80,2.0,nonlinear,3,1.2232645852934214
disentangled_l1,halfcheetah-medium-v2,80,2.0,nonlinear,2,-0.9950437953798541
disentangled_l1,halfcheetah-medium-v2,40,8.0,nonlinear,5,1.1248642285251884
disentangled_l1,halfcheetah-medium-v2,40,8.0,nonlinear,1,1.061198968022702
disentangled_l1,halfcheetah-medium-v2,40,8.0,nonlinear,3,0.780684038766831
disentangled_l1,halfcheetah-medium-v2,40,8.0,nonlinear,2,0.9583717712720149
disentangled_l1,halfcheetah-medium-v2,40,4.0,nonlinear,5,2.290529754741322
disentangled_l1,halfcheetah-medium-v2,40,4.0,nonlinear,1,1.6277382206723905
disentangled_l1,halfcheetah-medium-v2,40,4.0,nonlinear,3,2.1790753270706635
disentangled_l1,halfcheetah-medium-v2,40,4.0,nonlinear,2,2.3297569347015763
disentangled_l1,halfcheetah-medium-v2,5,0.5,nonlinear,5,38.940403139063456
disentangled_l1,halfcheetah-medium-v2,5,0.5,nonlinear,1,38.50060067856709
disentangled_l1,halfcheetah-medium-v2,5,0.5,nonlinear,3,37.93285525956599
disentangled_l1,halfcheetah-medium-v2,5,0.5,nonlinear,2,39.099397235302995
disentangled_l1,halfcheetah-medium-v2,20,2.0,nonlinear,5,11.329179659466556
disentangled_l1,halfcheetah-medium-v2,20,2.0,nonlinear,1,13.385289081990301
disentangled_l1,halfcheetah-medium-v2,20,2.0,nonlinear,3,17.746394222221852
disentangled_l1,halfcheetah-medium-v2,20,2.0,nonlinear,2,12.950825593954402
disentangled_l1,halfcheetah-medium-v2,40,2.0,nonlinear,5,7.090562786188305
disentangled_l1,halfcheetah-medium-v2,40,2.0,nonlinear,1,4.547584832876596
disentangled_l1,halfcheetah-medium-v2,40,2.0,nonlinear,3,3.5272259056626574
disentangled_l1,halfcheetah-medium-v2,40,2.0,nonlinear,2,-0.39153695273518924
disentangled_l1,halfcheetah-medium-v2,10,0.5,nonlinear,5,37.42332127728534
disentangled_l1,halfcheetah-medium-v2,10,0.5,nonlinear,1,38.01465604956385
disentangled_l1,halfcheetah-medium-v2,10,0.5,nonlinear,3,37.345588653080675
disentangled_l1,halfcheetah-medium-v2,10,0.5,nonlinear,2,39.28333614763044
disentangled_l1,halfcheetah-medium-v2,5,2.0,nonlinear,5,33.65145476083357
disentangled_l1,halfcheetah-medium-v2,5,2.0,nonlinear,1,31.192910090596744
disentangled_l1,halfcheetah-medium-v2,5,2.0,nonlinear,3,32.24384095784639
disentangled_l1,halfcheetah-medium-v2,5,2.0,nonlinear,2,35.647709251214245
disentangled_l1,halfcheetah-medium-v2,10,4.0,nonlinear,5,3.8870363858082944
disentangled_l1,halfcheetah-medium-v2,10,4.0,nonlinear,1,6.328429866250571
disentangled_l1,halfcheetah-medium-v2,10,4.0,nonlinear,3,5.039003033431687
disentangled_l1,halfcheetah-medium-v2,10,4.0,nonlinear,2,5.377241908298978
disentangled_l1,halfcheetah-medium-v2,80,8.0,nonlinear,5,0.8758289040890066
disentangled_l1,halfcheetah-medium-v2,80,8.0,nonlinear,1,0.9380052562085484
disentangled_l1,halfcheetah-medium-v2,80,8.0,nonlinear,3,0.8186731628754771
disentangled_l1,halfcheetah-medium-v2,80,8.0,nonlinear,2,0.7915153939205496
disentangled_l1,halfcheetah-medium-v2,20,8.0,nonlinear,5,1.4195360304241451
disentangled_l1,halfcheetah-medium-v2,20,8.0,nonlinear,1,1.1904235776479886
disentangled_l1,halfcheetah-medium-v2,20,8.0,nonlinear,3,1.5800520019687343
disentangled_l1,halfcheetah-medium-v2,20,8.0,nonlinear,2,1.456868713814243
disentangled_l1,halfcheetah-medium-v2,10,1.0,nonlinear,5,36.69551187378744
disentangled_l1,halfcheetah-medium-v2,10,1.0,nonlinear,1,37.99433053167961
disentangled_l1,halfcheetah-medium-v2,10,1.0,nonlinear,3,36.92752502256445
disentangled_l1,halfcheetah-medium-v2,10,1.0,nonlinear,2,35.5437901063483
disentangled_l1,halfcheetah-medium-v2,5,4.0,nonlinear,5,9.114276120582124
disentangled_l1,halfcheetah-medium-v2,5,4.0,nonlinear,1,13.998100223713832
disentangled_l1,halfcheetah-medium-v2,5,4.0,nonlinear,3,8.887113712462904
disentangled_l1,halfcheetah-medium-v2,5,4.0,nonlinear,2,19.560647494620984
disentangled_l1,halfcheetah-medium-v2,20,4.0,nonlinear,5,2.077860298965202
disentangled_l1,halfcheetah-medium-v2,20,4.0,nonlinear,1,2.7406449962448347
disentangled_l1,halfcheetah-medium-v2,20,4.0,nonlinear,3,2.7313440621264498
disentangled_l1,halfcheetah-medium-v2,20,4.0,nonlinear,2,3.074533631165739
disentangled_l1,halfcheetah-medium-v2,80,4.0,nonlinear,5,2.162340694294987
disentangled_l1,halfcheetah-medium-v2,80,4.0,nonlinear,1,1.8808075616731126
disentangled_l1,halfcheetah-medium-v2,80,4.0,nonlinear,3,1.9217415869923629
disentangled_l1,halfcheetah-medium-v2,80,4.0,nonlinear,2,1.5205945399593646
disentangled_l1,halfcheetah-medium-v2,5,1.0,nonlinear,5,38.69024706822113
disentangled_l1,halfcheetah-medium-v2,5,1.0,nonlinear,1,37.685091507709046
disentangled_l1,halfcheetah-medium-v2,5,1.0,nonlinear,3,36.21230350121371
disentangled_l1,halfcheetah-medium-v2,5,1.0,nonlinear,2,39.63850537712246
disentangled_l1,halfcheetah-medium-v2,40,1.0,nonlinear,5,11.535423577798495
disentangled_l1,halfcheetah-medium-v2,40,1.0,nonlinear,1,7.712407457746577
disentangled_l1,halfcheetah-medium-v2,40,1.0,nonlinear,3,23.811044788261597
disentangled_l1,halfcheetah-medium-v2,40,1.0,nonlinear,2,10.463410012137809
disentangled_l1,halfcheetah-medium-v2,10,2.0,nonlinear,5,27.638812569335965
disentangled_l1,halfcheetah-medium-v2,10,2.0,nonlinear,1,27.482513345767845
disentangled_l1,halfcheetah-medium-v2,10,2.0,nonlinear,3,23.95607530704689
disentangled_l1,halfcheetah-medium-v2,10,2.0,nonlinear,2,30.334897738555966
